market,bets,wins,pushes,losses,win_pct
ATS,47,39,0,8,0.8297872340425532
O/U,44,20,0,24,0.45454545454545453
