market,bets,wins,pushes,losses,win_pct
ATS,796,644,10,142,0.8193384223918575
O/U,774,417,13,344,0.5479632063074902
