model,metric,value
win,log_loss,0.5749162691133637
margin,MAE,15.860775044504297
total,MAE,13.58004652417687
