model,metric,value
win,log_loss,0.5733571817264582
margin,MAE,15.741694138036575
total,MAE,13.425672423657863
