model,metric,value
win,log_loss,0.5720217009609043
margin,MAE,15.757806757317487
total,MAE,13.542749914453617
