model,metric,value
win,log_loss,0.5740456905906562
margin,MAE,15.797462001024412
total,MAE,13.543833259376111
