model,metric,value
win,log_loss,0.5730180881835428
margin,MAE,15.789926708426753
total,MAE,13.548758464444687
