model,metric,value
win,log_loss,0.5752836759999431
margin,MAE,15.830778180066702
total,MAE,13.569686620727571
