model,metric,value
win,log_loss,0.5735989663672618
margin,MAE,14.691882309856743
total,MAE,13.430713461151953
