model,metric,value
win,log_loss,0.5733571817264582
margin,MAE,14.699881163166953
total,MAE,13.425672423657861
