model,metric,value
win,log_loss,0.5785280757417708
margin,MAE,15.685839974386637
total,MAE,13.67656605747044
