model,metric,value
win,log_loss,0.5740462878718053
margin,MAE,15.873425057398707
total,MAE,13.570342615990706
