model,metric,value
win,log_loss,0.576089162553525
margin,MAE,15.82597461106052
total,MAE,13.65353075677111
