model,metric,value
win,log_loss,0.5752506391499712
margin,MAE,15.92618920160491
total,MAE,13.574851455756887
