model,metric,value
win,log_loss,0.5744104867179561
margin,MAE,15.960042233178202
total,MAE,13.647486421637796
